user_id,name,email,age,location
1,Lance Snyder,smithscott@hotmail.com,47,Wardshire
2,Cynthia Thompson,isaac47@hotmail.com,25,Scottberg
3,Mary Quinn,psherman@hanson.info,20,North Michelle
4,Cynthia Kim,austin57@yahoo.com,54,Philipborough
5,Lisa Castillo,jenniferriley@bautista.com,44,Fitzgeraldfort
6,Laura Everett,mitchellruben@dodson.com,52,New Thomas
7,Wendy Mcgee,john29@wolfe.com,41,Carmenside
8,James Mack,ilogan@welch.com,49,New Emily
9,Nathaniel Jones,matthew35@yahoo.com,16,Hallmouth
10,Shannon Morgan,ellisamy@yahoo.com,36,East Phyllis
11,Caroline Fisher,mperez@osborn.net,16,South Cherylview
12,Virginia Reynolds,karatorres@gmail.com,42,Kelleyborough
13,Amy Foster,leonheather@gmail.com,17,Stephenshire
14,Martin Martinez,arthur86@hotmail.com,56,East Brittany
15,Victoria Simmons,christina32@yahoo.com,25,Johnsonborough
16,Cynthia Peterson,crawfordjennifer@hotmail.com,56,New Christine
17,Alicia Wilson,michaela15@yahoo.com,31,Portermouth
18,Ernest Burnett,maria86@martinez-mcgrath.com,41,West Lisa
19,Matthew Garza,zfisher@yahoo.com,37,South Richard
20,Elizabeth Mann,howelldavid@hotmail.com,41,Lake Heidi
21,William Johnson,lloydmario@lowe-garrett.biz,45,Spencerhaven
22,Pamela Jones,ihernandez@yahoo.com,42,East Troyland
23,Linda Kidd,tgutierrez@hotmail.com,31,Port Lindafort
24,Brandon George,freemandavid@hall.com,42,Burkefurt
25,Melissa Petersen,robertnguyen@brown.net,17,Nashstad
26,Kristy Wagner,glassamanda@rice.org,48,East Debra
27,Tony Montgomery,brooksjeffery@hotmail.com,46,Davidsonland
28,Garrett Perry,ethanjones@clay-daniel.com,33,Port William
29,Frank Young,danielphillips@hotmail.com,33,Millerbury
30,Susan Pope,smithpatrick@lopez.net,19,Wadehaven
31,Adrian Moore,joshuahess@hotmail.com,20,Lake Carlosmouth
32,Mrs. Kelsey Garcia,wagnermichelle@hall.info,34,Derekstad
33,Robert Dillon,ryanstephanie@brandt-mccarthy.com,24,Port Deborahborough
34,Mary Johnson,sarahpatterson@lopez.org,29,Angelaburgh
35,William Mason,nreid@west.com,48,Lopezhaven
36,Mrs. Julie Garcia,ronaldlopez@anderson.org,17,Matthewland
37,Carmen Lewis,ericmorgan@perez.com,16,New Apriltown
38,Gary Ryan,barbara43@thomas-wang.com,41,Lake Donna
39,Brenda Adams,hfoster@gmail.com,20,Briannaberg
40,James Ward,lecheryl@james-olsen.com,39,Davidmouth
41,Bradley Ellison,scott67@johnson-smith.info,30,Robinsonport
42,Andrea Bryant MD,williamsthomas@brock-martinez.com,54,Petersonstad
43,Laura Ruiz DDS,beth48@gmail.com,31,Kennethburgh
44,Michael Simpson,barbara10@yahoo.com,25,Lopezport
45,Sarah Simon,utaylor@hotmail.com,47,West Ashley
46,Joann Willis,dwalters@gmail.com,23,Michaelville
47,Amy Carson,patellinda@gmail.com,46,Port Kenneth
48,Timothy Simmons,lrussell@nichols.com,21,Phillipstown
49,Lisa Montoya,taylorwilliam@weber.info,33,Edwardstown
50,Rachel Thomas,lisa59@hotmail.com,31,New Shirley
51,Joseph Zavala,michelemcdonald@gmail.com,48,East Jennifer
52,Julie Farley,jeffreyrosales@gmail.com,51,North Cameronberg
53,Lauren Peterson,vwilliams@gordon.net,41,New Caseystad
54,Kelly Torres,williamscraig@yahoo.com,59,Michaelshire
55,Cheryl Hammond,burkechristina@gmail.com,19,Janiceland
56,Joseph Clark,roconnor@dean-christensen.biz,35,Andrewmouth
57,Jessica Joseph,jake44@hotmail.com,40,Brianview
58,Sara Washington,grantturner@reyes-gray.com,57,Lake Jessicamouth
59,Hayden Brown,meyerallison@collins-james.com,49,East Rachel
60,Patrick Marquez,davidlin@barnes.org,38,Garciafort
61,Jesus Lindsey,stephen09@pierce.info,22,East Steve
62,Jason Welch DDS,vasquezjennifer@martinez-anderson.com,42,Moorefort
63,Jasmine Bell,tayloraaron@hotmail.com,48,Port Andrew
64,Zachary Bell,kellykathryn@sandoval-gray.com,40,Obrienton
65,Breanna Townsend,christineclark@gmail.com,43,New Marco
66,Brandon Young,mary60@smith-anderson.com,39,Bridgesborough
67,Mark Meyers,ocarrillo@middleton.net,43,Port Donna
68,Leslie Myers,stevenmiller@yahoo.com,57,Banksstad
69,Michael Harris,curtishull@gmail.com,53,North Mark
70,Alison Ward,gomezjames@hotmail.com,32,North David
71,Frank Diaz,matthew49@jenkins.com,60,Port Alex
72,Christopher Nelson,matthewrivera@clark.org,60,North Sarahfort
73,Alyssa Cunningham,karenwilliams@yahoo.com,40,Lake Ryan
74,Krystal Schwartz,tgonzales@thomas-garcia.com,53,Josephfort
75,Shirley Mora,kennedyanita@gmail.com,39,Perkinsmouth
76,Kathy Smith,sarah89@hunt.info,42,Whitakermouth
77,Danielle Hernandez,sandra27@gmail.com,27,Lake Melaniebury
78,Katie James,hollowaychristie@curtis-hansen.com,24,Port Wanda
79,Joann Watkins,amber82@yahoo.com,60,Racheltown
80,Brenda Rios,griffinbradley@hotmail.com,48,East Joshua
81,Jessica Price,estradajeffery@hotmail.com,20,Allenport
82,Laura Mayer,ernest78@moore-johnson.biz,36,West Sandraville
83,Shane Smith,smithchristopher@robertson.com,37,East Kathy
84,James Sloan,wushelly@hernandez.com,23,Tuckerfort
85,Cathy Cervantes,jeffdrake@cardenas-garza.com,36,Adamsmouth
86,Ricardo Cobb,crystalsmith@fields.net,57,Foleybury
87,James Sandoval,kruegermarcus@jackson-parker.net,56,Brianfort
88,Russell Smith,jevans@contreras.com,38,South Jacob
89,Jessica Schwartz,reesebrad@fisher-reilly.com,40,Galvanside
90,Kathryn Mendez,whitedavid@singh.com,23,Williamview
91,Lauren Cortez,sandra46@gmail.com,42,Griffinhaven
92,Linda Martinez,ethan49@yahoo.com,39,Peterstad
93,Cynthia Ellis,milesdaniel@lowery.net,33,South Josephport
94,Charles Arias,warneremily@martinez.com,26,West James
95,Cristian Cochran,randallhill@hotmail.com,31,New Derek
96,Stuart Moses,stevensonsteve@lewis.com,36,Michaelshire
97,Jason Smith,elizabeth56@gonzalez-huffman.org,56,Robertmouth
98,Philip Pruitt,lopezwendy@hotmail.com,33,Velasquezview
99,Cory Johnson,chad51@price.com,60,West Johnside
100,Peter Johnston,davidchavez@schneider-bradshaw.biz,26,West Brettshire
101,Stacey Wolfe,zlewis@simon.net,45,West Angelaside
102,Larry Miller,hlarson@gmail.com,50,Aprilside
103,Robert Wilkinson,paul12@yahoo.com,16,Katherineshire
104,Ryan Patrick,laurawood@hotmail.com,33,Annafurt
105,Dawn Wright,ladams@jacobson.com,52,Port Meganburgh
106,Peter Evans,moorekrista@murphy.com,31,Geraldbury
107,Andrea Miller,mhawkins@burton-campbell.org,19,Thomaston
108,Justin Scott,christopher25@yahoo.com,26,Port Dianeside
109,Elizabeth Obrien,daniel59@hotmail.com,55,North Micheal
110,Shane Wood,breanna79@hotmail.com,31,North Jessica
111,Samuel Williams,adamhoffman@gmail.com,22,Lake Melanieville
112,Tom Rivera,esawyer@hardin.net,37,New Daniel
113,Kimberly Pearson,jasmine03@bennett.com,43,Billyborough
114,Carlos Murphy,williamcoffey@ingram.com,44,East Thomasfurt
115,Willie Ryan,ijackson@sanchez.com,51,North Ashleyton
116,Erica Hamilton,monica98@yahoo.com,29,West Candice
117,William Herman,austin73@mitchell.com,47,Abigailmouth
118,Christopher Myers,johnbaker@reed.com,38,North Gina
119,Cody Moon,ashleebennett@schultz.com,29,Jamesbury
120,Adam Haynes,simmonsdonald@adams-martin.org,32,Stevensland
121,Diana Curry,jrodriguez@hansen.com,48,South Nicole
122,Angela Guerrero,efoley@yahoo.com,46,Hoopermouth
123,Angela Medina,meganreynolds@yahoo.com,21,New Jason
124,Stephen Peterson,bowerseric@gmail.com,19,New Jocelynview
125,Frank White,juan29@hunt-hansen.com,44,Webbside
126,Glenda Adams,hartmanpatrick@cooper.com,35,Pricebury
127,Adam Black,bakerjames@lee.biz,18,Coleshire
128,Sabrina Waters,alvarezmarilyn@gmail.com,35,Gonzalesburgh
129,Dr. Juan Robinson,donna57@watson-simpson.com,45,Nicolemouth
130,Cassidy Morrison,andersonkari@yahoo.com,37,Elizabethmouth
131,William Mason,zsmith@murphy-kane.com,44,Chelseafurt
132,Megan Leon,awatts@luna.net,19,Kimberlyville
133,Michelle Stewart,revans@gmail.com,59,West Brianton
134,Megan Davis,wmartinez@hotmail.com,23,North Kennethfurt
135,Manuel Smith,stonekathleen@hotmail.com,39,Pattersonberg
136,Samuel Wang,kara25@gmail.com,36,New Ethan
137,Elizabeth Cole,michaelwright@yahoo.com,36,West Donald
138,Michelle Hill,william12@yahoo.com,28,Hawkinsborough
139,Samuel Norris,combsjay@yahoo.com,16,West Micheleberg
140,Greg Davenport,whansen@yahoo.com,57,Kevinland
141,Allen Kelley,brendamiller@yahoo.com,57,Paulfort
142,John Griffin MD,christophermoon@hotmail.com,30,West Suzanne
143,Michael Mcclain,dylan69@yates.info,16,East Angelaville
144,Dr. Marvin Clark DDS,vsimpson@gmail.com,49,New Phillipville
145,Robert Armstrong,sierrawu@washington-boyd.com,25,East Ronald
146,Cassidy Malone,anitasloan@ray-blevins.net,37,Wandafort
147,Sean Mora,burtonduane@gonzalez.com,46,South Cindyfurt
148,Christopher Higgins,ewilson@estrada.com,41,Port Angelaborough
149,Daniel Simmons,mhart@hotmail.com,26,Davidview
150,Sheila Martinez,ricebarbara@hotmail.com,39,Lake Kevin
151,Craig Herring,estradaamy@yahoo.com,23,Rodgersport
152,Jennifer Perry,sharonharris@carlson-dean.com,18,West Terri
153,John Jordan,jamesharris@gmail.com,25,New Deborahport
154,Sara Acosta,david88@gmail.com,50,Stephanieview
155,Lawrence Ramos,caitlin34@allen-gill.com,51,North Desiree
156,Sarah Sanders,henryamanda@hotmail.com,53,Clintonview
157,Mr. Ethan Villarreal,vancesamantha@lowe-abbott.com,27,Elizabethville
158,Tyler Campbell,bishopheather@gmail.com,55,Cheyenneburgh
159,Susan Warren,xchung@jackson.com,36,West Sheri
160,Dr. Tracy Kirk,martinmatthew@weaver.com,53,Robertville
161,Martha Gregory,diana24@king-sutton.biz,48,Arnoldbury
162,Brandon Mcclain,matthewreynolds@wolfe.com,38,Cruzport
163,Mary Adams,evansrebecca@williams-joseph.com,35,Lake Sarah
164,Greg White,joshuabaker@elliott-decker.com,23,Zimmermanport
165,Brandon George,nguyenanthony@york.com,36,Michaelhaven
166,David Williams,lcampbell@gmail.com,23,West Edward
167,Sarah Morton,ifranklin@hotmail.com,30,North Brandonhaven
168,Robert Miller,ksingh@yahoo.com,37,Joycetown
169,Antonio Potter,roger11@james.com,34,Morriston
170,Jessica Davies,joshua93@jenkins.com,35,New Gabrielside
171,Mary Mendoza,craigyoung@martin.org,41,Danielsbury
172,Diane Rivas,swolf@martinez.com,50,Patrickshire
173,Eric Allen,kgarcia@pierce.com,60,Kimberlymouth
174,Angela Baker,hartlaura@yahoo.com,54,Lopezhaven
175,Olivia Washington,wilkersoneduardo@reyes-wiggins.biz,27,North Kathrynview
176,Christopher Rangel,qmorris@hotmail.com,60,South Robert
177,Anthony Cross,elizabeth39@yahoo.com,18,New Jameschester
178,Amber Daniel,beverlyalvarez@vasquez.info,54,Latoyashire
179,Gina Thomas,qcoleman@yahoo.com,47,Lake Joseph
180,Nicole Mckenzie,mckeeangela@gmail.com,54,West Meganton
181,Sarah Cunningham,mgray@gmail.com,38,New Coreyside
182,Brian Cooke Jr.,darius35@davis.com,22,East Maria
183,Mark Farmer,jefferywhite@padilla.com,18,Jonesburgh
184,Amy Jackson,pachecorobert@hotmail.com,44,North Brianburgh
185,Jason Fischer,huertajonathan@hotmail.com,41,New Bryanfurt
186,Vanessa Franco,megan33@hotmail.com,43,East Johnmouth
187,Brandon Weber,jessehughes@yahoo.com,25,Kathleenstad
188,Adrian Holloway,zachary03@gmail.com,32,Port Dakota
189,Shannon Collier,daltongonzalez@hotmail.com,22,Lake Raymond
190,Tammie Downs,guerrerolaura@gmail.com,39,Garrisonmouth
191,Gregory Robertson,obriendonna@gmail.com,46,New Marcia
192,Robert Ritter,linda30@webster.com,48,West Michaelburgh
193,Thomas Gonzales,shermanmaria@yahoo.com,44,South Susan
194,Lindsey White,stephaniefrey@hotmail.com,25,New Joshuahaven
195,Amber Forbes,ann70@hotmail.com,29,Dianaburgh
196,Kevin Jones,amandacollins@hotmail.com,42,Robertstad
197,Jonathan Mcmillan,mariahampton@yahoo.com,28,Mcmahonshire
198,Julie Willis,kimberlycarter@gmail.com,41,Vazquezhaven
199,Brianna Watson,stephen40@hotmail.com,16,Princeshire
200,Connor Aguirre,andreamccullough@yahoo.com,40,Farmerville
